{"cameraMode":{"drawMode":0,"name":"Shaded","section":"Shading Mode"},"sceneLighting":true,"audioPlay":false,"sceneViewState":{"showFog":true,"showMaterialUpdate":false,"showSkybox":true,"showFlares":true,"showImageEffects":true,"showParticleSystems":true},"in2DMode":false,"pivot":{"x":-37.21396255493164,"y":-1.0628854036331177,"z":9.755040168762207},"rotation":{"x":-0.03390606865286827,"y":0.5052273869514465,"z":-0.019870178773999215,"w":-0.862092137336731},"size":35.313785552978519,"orthographic":false}